Date,Bali,Gorontalo,Central Java,South Kalimantan,Papua,North Sumatra
2021-03-01,100000.0,80000.0,86000.0,130000.0,140000.0,32000.0
2021-03-02,100000.0,80000.0,86000.0,130000.0,140000.0,32000.0
2021-03-03,100000.0,80000.0,86000.0,130000.0,140000.0,32000.0
2021-03-04,100000.0,80000.0,86000.0,130000.0,140000.0,32000.0
2021-03-05,100000.0,80000.0,86000.0,130000.0,140000.0,32000.0
2021-03-06,100000.0,80000.0,86000.0,130000.0,140000.0,32000.0
2021-03-07,100000.0,80000.0,86000.0,130000.0,140000.0,32000.0
2021-03-08,100000.0,80000.0,86000.0,130000.0,140000.0,32000.0
2021-03-09,100000.0,80000.0,86000.0,117090.0,140000.0,32000.0
2021-03-10,100000.0,80000.0,86000.0,114210.0,140000.0,35330.0
2021-03-11,95252.165778828,80000.0,85000.0,124100.0,140000.0,33470.0
2021-03-12,90000.0,70000.0,85000.0,70000.0,140000.0,81300.0
2021-03-13,87981.26819628864,80000.0,93000.0,119210.0,140000.0,32000.0
2021-03-14,90911.48998757124,80000.0,101730.0,120280.0,140000.0,37290.0
2021-03-15,100000.0,82330.0,108360.0,118320.0,120000.0,32930.0
2021-03-16,110840.0,82300.0,111010.0,116860.0,91220.0,37140.0
2021-03-17,108990.0,78700.0,111190.0,115920.0,86550.0,34470.0
2021-03-18,112820.0,87190.0,112470.0,107790.0,87800.0,34750.0
2021-03-19,112780.0,88260.0,111250.0,119960.0,94000.0,36210.0
2021-03-20,110130.0,87460.0,112080.0,123590.0,93380.0,34890.0
2021-03-21,112250.0,83460.0,110820.0,115490.0,90307.11102365183,36310.0
2021-03-22,109550.0,85980.0,106420.0,122070.0,91940.0,35250.0
2021-03-23,107480.0,87460.0,102020.0,123040.0,98430.0,32510.0
2021-03-24,106630.0,87460.0,104700.0,124010.0,95070.0,36030.0
2021-03-25,109910.0,90920.0,101940.0,125930.0,95540.0,33550.0
2021-03-26,108320.0,88380.0,98300.0,125510.0,99370.0,33260.0
2021-03-27,102740.0,88480.0,93720.0,127050.0,97560.0,33740.0
2021-03-28,104210.0,87220.0,96460.0,122110.0,96819.7065586783,46450.0
2021-03-29,91090.0,89700.0,86280.0,122780.0,98810.0,41040.0
2021-03-30,96010.0,92420.0,80810.0,120070.0,101320.0,34730.0
2021-03-31,86450.0,89050.0,77010.0,118150.0,100850.0,42830.0
2021-04-01,85100.0,87790.0,72590.0,126690.0,101740.0,42830.0
2021-04-02,82910.0,87790.0,71020.0,126100.0,94170.0,44040.0
2021-04-03,79080.0,87460.0,70850.0,115650.0,103490.0,44190.0
2021-04-04,82050.0,91640.0,68470.0,118040.0,130000.0,48220.0
2021-04-05,72980.0,91640.0,70240.0,119530.0,94840.0,48220.0
2021-04-06,77050.0,90810.0,71410.0,117630.0,103220.0,49100.0
2021-04-07,75980.0,90770.0,71110.0,114530.0,101000.0,55010.0
2021-04-08,77810.0,89100.0,69340.0,113350.0,101550.0,56060.0
2021-04-09,74710.0,88640.0,66930.0,117500.0,106890.0,40000.0
2021-04-10,74590.0,90810.0,67100.0,113670.0,107980.0,59670.0
2021-04-11,73660.0,87050.0,65310.0,112610.0,130000.0,54110.0
2021-04-12,72570.0,87270.0,60490.0,112570.0,102440.0,53670.0
2021-04-13,70970.0,87320.0,60560.0,109850.0,101770.0,53810.0
2021-04-14,72110.0,84500.0,62410.0,105820.0,103910.0,51280.0
2021-04-15,72790.0,85330.0,63370.0,106510.0,100220.0,61080.0
2021-04-16,71490.0,88420.0,61640.0,108950.0,113090.0,53080.0
2021-04-17,70140.0,88590.0,59790.0,106920.0,100880.0,42280.0
2021-04-18,62550.0,87850.0,57150.0,109750.0,125000.0,61140.0
2021-04-19,50950.0,84420.0,48900.0,101810.0,100450.0,40000.0
2021-04-20,52970.0,81520.0,45940.0,104470.0,101640.0,41950.0
2021-04-21,52970.0,75750.0,45820.0,98590.0,97610.0,53370.0
2021-04-22,49370.0,72290.0,44010.0,98730.0,97270.0,51670.0
2021-04-23,50290.0,73120.0,43410.0,100750.0,98780.0,44040.0
2021-04-24,54390.0,76300.0,42690.0,95400.0,97150.0,40660.0
2021-04-25,48560.0,78030.0,41600.0,93470.0,100000.0,51080.0
2021-04-26,47020.0,73030.0,42130.0,88790.0,94920.0,37420.0
2021-04-27,43560.0,66510.0,44220.0,83870.0,100500.0,37740.0
2021-04-28,44610.0,66090.0,46690.0,78310.0,94100.0,23000.0
2021-04-29,45200.0,70400.0,46790.0,76480.0,98750.0,33160.0
2021-04-30,45720.0,71360.0,47960.0,76200.0,103260.0,34610.0
2021-05-01,45130.0,72870.0,46930.0,75310.0,91210.0,32600.0
2021-05-02,45400.0,69060.0,47240.0,72510.0,110680.0,30270.0
2021-05-03,46770.0,69690.0,49410.0,74960.0,82990.0,35090.0
2021-05-04,48500.0,72710.0,51890.0,79940.0,86620.0,31380.0
2021-05-05,48840.0,72410.0,51710.0,81450.0,87450.0,32110.0
2021-05-06,49190.0,80240.0,51460.0,78320.0,87150.0,29960.0
2021-05-07,48790.0,77930.0,51640.0,83780.0,86420.0,32520.0
2021-05-08,47710.0,78380.0,52750.0,81930.0,86420.0,31580.0
2021-05-09,48270.0,79300.0,53290.0,69430.0,110680.0,35810.0
2021-05-10,50890.0,77880.0,57210.0,88440.0,91810.0,34330.0
2021-05-11,50890.0,83380.0,59100.0,89170.0,93870.0,33800.0
2021-05-12,50890.0,103970.0,59580.0,90300.0,93270.0,60000.0
2021-05-13,51210.0,100710.0,59370.0,85010.0,117175.10601946943,25000.0
2021-05-14,54280.0,103070.0,59050.0,94080.0,122470.0,28000.0
2021-05-15,53080.0,103640.0,58540.0,91360.0,95830.0,39250.0
2021-05-16,53140.0,83820.0,56250.0,86380.0,140000.0,32620.0
2021-05-17,52120.0,80200.0,48370.0,87580.0,105470.0,43820.0
2021-05-18,47230.0,80230.0,46410.0,84910.0,98270.0,35090.0
2021-05-19,43730.0,76390.0,42660.0,86060.0,101910.0,32650.0
2021-05-20,39820.0,72850.0,43010.0,85560.0,106280.0,29970.0
2021-05-21,40060.0,68610.0,40890.0,85180.0,106150.0,32300.0
2021-05-22,39050.0,69030.0,40620.0,76700.0,105150.0,36660.0
2021-05-23,38020.0,67490.0,39160.0,80150.0,125500.0,40990.0
2021-05-24,36410.0,69250.0,37040.0,79000.0,98650.0,33260.0
2021-05-25,35260.0,68500.0,36960.0,65880.0,108860.0,34610.0
2021-05-26,32950.0,68750.0,37070.0,79180.0,105670.0,26000.0
2021-05-27,33260.0,68960.0,35840.0,78390.0,97070.0,33080.0
2021-05-28,32850.0,65570.0,35100.0,79430.0,81670.0,37950.0
2021-05-29,31950.0,66170.0,35160.0,81530.0,91920.0,37560.0
2021-05-30,32080.0,66890.0,35000.0,72430.0,112920.0,35870.0
2021-05-31,31290.0,66760.0,34400.0,78120.0,90920.0,40250.0
2021-06-01,31050.0,67180.0,34210.0,74470.0,100310.0,34290.0
2021-06-02,30910.0,71370.0,33090.0,71630.0,83070.0,35660.0
2021-06-03,30290.0,64870.0,32970.0,68430.0,96280.0,35090.0
2021-06-04,30130.0,65400.0,32310.0,70460.0,92420.0,31280.0
2021-06-05,29510.0,65400.0,32790.0,63590.0,90320.0,28690.0
2021-06-06,29570.0,64080.0,31680.0,64680.0,98320.0,31220.0
2021-06-07,29040.0,66220.0,30610.0,71600.0,90730.0,30270.0
2021-06-08,29070.0,58680.0,30910.0,67100.0,96300.0,30800.0
2021-06-09,28700.0,55120.0,30720.0,63260.0,80570.0,29890.0
2021-06-10,27490.0,57010.0,30160.0,66790.0,94840.0,27260.0
2021-06-11,27210.0,60880.0,28990.0,66200.0,93950.0,31000.0
2021-06-12,26790.0,66090.0,29010.0,68490.0,94580.0,32570.0
2021-06-13,25930.0,68960.0,29960.0,64820.0,107750.0,26750.0
2021-06-14,26380.0,68230.0,28980.0,68140.0,94970.0,32610.0
2021-06-15,25710.0,67710.0,29430.0,65330.0,94240.0,30490.0
2021-06-16,25420.0,68290.0,29630.0,62840.0,93400.0,28930.0
2021-06-17,27020.0,69920.0,29270.0,67010.0,96450.0,33910.0
2021-06-18,27480.0,67620.0,30590.0,63780.0,97310.0,34650.0
2021-06-19,27920.0,77200.0,30690.0,61380.0,93870.0,33420.0
2021-06-20,28040.0,81380.0,31250.0,62680.0,101250.0,30450.0
2021-06-21,30480.0,81630.0,34430.0,61830.0,86710.0,32120.0
2021-06-22,35170.0,81380.0,34600.0,60620.0,91710.0,33570.0
2021-06-23,36560.0,78920.0,35940.0,59850.0,92530.0,33540.0
2021-06-24,38420.0,82790.0,37910.0,62480.0,93150.0,33660.0
2021-06-25,41800.0,81960.0,41360.0,63360.0,94980.0,39790.0
2021-06-26,42950.0,87560.0,42260.0,63020.0,96180.0,33870.0
2021-06-27,43170.0,83560.0,40490.0,67230.0,110750.0,39790.0
2021-06-28,43090.0,79660.0,43690.0,64010.0,97280.0,38190.0
2021-06-29,43090.0,80000.0,43840.0,72550.0,100380.0,34130.0
2021-06-30,43350.0,82310.0,43520.0,69400.0,99910.0,31460.0
2021-07-01,43870.0,80490.0,43720.0,71380.0,100870.0,46480.0
2021-07-02,44260.0,80260.0,44920.0,71120.0,96500.0,46480.0
2021-07-03,44560.0,82430.0,44830.0,70050.0,106380.0,39250.0
2021-07-04,44770.0,80750.0,44370.0,65230.0,118350.0,46480.0
2021-07-05,45070.0,81310.0,44610.0,64440.0,104290.0,37410.0
2021-07-06,45020.0,83270.0,44660.0,60700.0,104650.0,38350.0
2021-07-07,45830.0,81230.0,49360.0,59440.0,101660.0,46480.0
2021-07-08,46570.0,80760.0,51010.0,64380.0,90160.0,39840.0
2021-07-09,49900.0,82500.0,49110.0,61790.0,103980.0,37090.0
2021-07-10,50320.0,81070.0,51940.0,64350.0,104990.0,40020.0
2021-07-11,49730.0,78840.0,49290.0,65770.0,108360.0,42020.0
2021-07-12,52240.0,79550.0,48820.0,66890.0,103680.0,46400.0
2021-07-13,53560.0,76610.0,51680.0,66940.0,101750.0,43840.0
2021-07-14,55250.0,74790.0,53720.0,70150.0,95950.0,43860.0
2021-07-15,55800.0,74590.0,53350.0,72510.0,101580.0,45830.0
2021-07-16,56660.0,75180.0,52220.0,69640.0,98750.0,43470.0
2021-07-17,56240.0,76340.0,52210.0,74510.0,102140.0,47120.0
2021-07-18,52380.0,72600.0,52280.0,75680.0,108760.0,36500.0
2021-07-19,51810.0,66460.0,51040.0,71160.0,99960.0,44400.0
2021-07-20,52040.0,65380.0,50730.0,71820.0,99480.0,51960.0
2021-07-21,51320.0,72380.0,53780.0,72670.0,96670.0,48490.0
2021-07-22,49860.0,74040.0,53880.0,76480.0,99420.0,54770.0
2021-07-23,47120.0,73060.0,50660.0,73100.0,95270.0,47340.0
2021-07-24,46880.0,68530.0,50050.0,74290.0,93270.0,55860.0
2021-07-25,45660.0,65430.0,48640.0,73270.0,100900.0,54770.0
2021-07-26,43130.0,63100.0,44070.0,75080.0,91740.0,45080.0
2021-07-27,45470.0,56590.0,42390.0,72070.0,92950.0,42640.0
2021-07-28,44900.0,56220.0,41310.0,71980.0,93010.0,44090.0
2021-07-29,41770.0,54140.0,40670.0,68190.0,89110.0,41880.0
2021-07-30,41980.0,57470.0,38430.0,67000.0,86830.0,42640.0
2021-07-31,40830.0,53030.0,36850.0,67330.0,85370.0,26000.0
2021-08-01,40230.0,51760.0,36570.0,67140.0,107220.0,40990.0
2021-08-02,38490.0,62960.0,36710.0,59600.0,84200.0,45170.0
2021-08-03,37460.0,59990.0,33920.0,64680.0,84570.0,28000.0
2021-08-04,38310.0,58280.0,33060.0,63030.0,83390.0,41610.0
2021-08-05,37080.0,57440.0,32450.0,65430.0,83120.0,41490.0
2021-08-06,35650.0,56220.0,30660.0,64400.0,81900.0,42430.0
2021-08-07,34500.0,58950.0,30720.0,64160.0,82080.0,36330.0
2021-08-08,33310.0,61020.0,30250.0,64600.0,87700.0,42430.0
2021-08-09,29910.0,67010.0,26850.0,64230.0,78620.0,40610.0
2021-08-10,29140.0,66610.0,25780.0,58540.0,78410.0,37560.0
2021-08-11,28900.0,65700.0,23480.0,57520.0,79540.0,28000.0
2021-08-12,28300.0,63810.0,24840.0,57530.0,70690.0,37090.0
2021-08-13,27320.0,63190.0,23570.0,57730.0,73480.0,33610.0
2021-08-14,25300.0,76920.0,22870.0,55420.0,70570.0,36330.0
2021-08-15,24820.0,70940.0,22820.0,50910.0,87930.0,39240.0
2021-08-16,21390.0,71720.0,20900.0,44490.0,75520.0,40620.0
2021-08-17,20960.0,68100.0,19860.0,48760.0,75610.0,32000.0
2021-08-18,18910.0,66640.0,20880.0,51010.0,79410.0,39490.0
2021-08-19,19500.0,65110.0,18690.0,51200.0,81250.0,45110.0
2021-08-20,18680.0,59790.0,18700.0,50540.0,77450.0,32980.0
2021-08-21,18340.0,53230.0,19070.0,52810.0,76180.0,34000.0
2021-08-22,17770.0,47750.0,17680.0,50470.0,80790.0,45170.0
2021-08-23,17270.0,43900.0,17140.0,49320.0,78290.0,36490.0
2021-08-24,16810.0,43550.0,16900.0,47500.0,81820.0,35220.0
2021-08-25,16760.0,36970.0,16770.0,46400.0,77200.0,40990.0
2021-08-26,17350.0,34530.0,16160.0,43680.0,73910.0,37800.0
2021-08-27,16640.0,36100.0,16530.0,44630.0,74630.0,36520.0
2021-08-28,15650.0,35450.0,16700.0,46280.0,73910.0,38000.0
2021-08-29,16530.0,33040.0,16740.0,46930.0,83960.0,36940.0
2021-08-30,16890.0,33300.0,16700.0,48170.0,73870.0,33000.0
2021-08-31,16700.0,33080.0,16420.0,42620.0,74740.0,38210.0
2021-09-01,16500.0,32250.0,16000.0,45230.0,73570.0,48370.0
2021-09-02,16210.0,29330.0,16230.0,46880.0,76910.0,41760.0
2021-09-03,15940.0,29730.0,15770.0,40860.0,76380.0,44160.0
2021-09-04,15770.0,28310.0,16580.0,40550.0,74530.0,37480.0
2021-09-05,16280.0,30430.0,16450.0,41260.0,75850.0,44160.0
2021-09-06,16740.0,30570.0,16750.0,36920.0,71820.0,34970.0
2021-09-07,16150.0,29470.0,16740.0,40140.0,68350.0,41280.0
2021-09-08,16360.0,28890.0,17150.0,38240.0,73990.0,41670.0
2021-09-09,15700.0,26540.0,17170.0,38300.0,72650.0,32860.0
2021-09-10,15620.0,26320.0,16980.0,34790.0,70550.0,47010.0
2021-09-11,15620.0,28600.0,17140.0,37930.0,68020.0,45610.0
2021-09-12,15580.0,28090.0,17550.0,36720.0,74460.0,47010.0
2021-09-13,15830.0,30220.0,17210.0,37380.0,66280.0,43830.0
2021-09-14,15830.0,29600.0,17480.0,37470.0,74150.0,50990.0
2021-09-15,15870.0,30370.0,17730.0,35200.0,64900.0,46230.0
2021-09-16,16060.0,26350.0,18020.0,34240.0,67610.0,41050.0
2021-09-17,16830.0,27480.0,18090.0,34300.0,63000.0,30000.0
2021-09-18,16400.0,29400.0,18640.0,33970.0,71150.0,44160.0
2021-09-19,16560.0,29700.0,18390.0,34930.0,66610.0,50990.0
2021-09-20,16770.0,30470.0,19690.0,34210.0,63740.0,50990.0
2021-09-21,17480.0,29370.0,20020.0,35030.0,70900.0,30000.0
2021-09-22,17790.0,30220.0,20080.0,34500.0,67460.0,34069.42508922961
2021-09-23,17400.0,32650.0,20780.0,37550.0,62940.0,47330.0
2021-09-24,17750.0,40560.0,20140.0,34890.0,60880.0,44270.0
2021-09-25,18390.0,42510.0,20560.0,37710.0,57760.0,38800.0
2021-09-26,17670.0,44250.0,20590.0,39920.0,59810.0,34500.0
2021-09-27,17750.0,45040.0,19670.0,36700.0,57870.0,45830.0
2021-09-28,16890.0,41620.0,19940.0,39340.0,54740.0,40660.0
2021-09-29,17060.0,41880.0,19820.0,39510.0,56460.0,38890.0
2021-09-30,17670.0,46660.0,20310.0,40310.0,55400.0,48790.0
2021-10-01,18520.0,47030.0,19700.0,40960.0,62120.0,50200.0
2021-10-02,18110.0,45710.0,20770.0,40150.0,61270.0,46540.0
2021-10-03,18230.0,46350.0,20740.0,36060.0,63290.0,32000.0
2021-10-04,19320.0,48050.0,21340.0,38520.0,60020.0,50200.0
2021-10-05,19860.0,48190.0,22080.0,36530.0,60020.0,35940.0
2021-10-06,20180.0,46880.0,22390.0,38650.0,59840.0,43670.0
2021-10-07,20500.0,49100.0,23110.0,37080.0,62850.0,45830.0
2021-10-08,21560.0,48640.0,23730.0,37670.0,54370.0,34000.0
2021-10-09,21690.0,48320.0,24700.0,38370.0,61120.0,48790.0
2021-10-10,21830.0,53680.0,24340.0,37020.0,67800.0,48790.0
2021-10-11,20340.0,50000.0,23660.0,44180.0,57420.0,32000.0
2021-10-12,20741.980966607047,49389.616356897095,23842.203203130146,42819.81486871969,58794.1760946235,38178.71815312382
2021-10-13,21690.0,52880.0,24660.0,37510.0,65490.0,47330.0
2021-10-14,21330.0,56410.0,25450.0,37340.0,65610.0,39640.0
2021-10-15,21560.0,57270.0,25680.0,38680.0,68120.0,47330.0
2021-10-16,21760.0,54530.0,26210.0,39460.0,65710.0,49570.0
2021-10-17,22100.0,49330.0,25990.0,39080.0,63750.0,45060.0
2021-10-18,20020.0,51230.0,25760.0,37120.0,61990.0,47330.0
2021-10-19,21960.0,47310.0,25920.0,39690.0,59060.0,32000.0
2021-10-20,21720.0,48800.0,26830.0,37290.0,67630.0,45610.0
2021-10-21,21520.0,45630.0,26000.0,38040.0,59920.0,45610.0
2021-10-22,21520.0,45730.0,25770.0,40440.0,66050.0,40680.0
2021-10-23,22060.0,44230.0,25960.0,40250.0,57270.0,47330.0
2021-10-24,21210.0,40630.0,26220.0,40970.0,64450.0,40660.0
2021-10-25,19880.0,36350.0,24850.0,37560.0,55800.0,44270.0
2021-10-26,19870.0,31660.0,24840.0,38900.0,59240.0,39240.0
2021-10-27,18690.0,30100.0,23470.0,37390.0,60050.0,40990.0
2021-10-28,17650.0,29800.0,23950.0,36200.0,55650.0,37420.0
2021-10-29,18150.0,29310.0,23620.0,38190.0,61020.0,41890.0
2021-10-30,17450.0,29790.0,23840.0,40080.0,61020.0,20000.0
2021-10-31,17090.0,30270.0,24540.0,35790.0,64440.0,35930.0
2021-11-01,17520.0,27990.0,23270.0,36810.0,61020.0,38340.0
2021-11-02,18040.0,25790.0,23120.0,36950.0,61090.0,45830.0
2021-11-03,17930.0,24890.0,23580.0,38030.0,61110.0,47430.0
2021-11-04,17650.0,21960.0,22860.0,38670.0,62280.0,40220.0
2021-11-05,17790.0,23380.0,23700.0,39010.0,57260.0,41530.0
2021-11-06,17950.0,24580.0,23070.0,39480.0,62240.0,41530.0
2021-11-07,18050.0,24280.0,22920.0,39320.0,62510.0,37340.0
2021-11-08,18250.0,25030.0,23100.0,39820.0,64360.0,44270.0
2021-11-09,18360.0,27630.0,22940.0,42460.0,62830.0,42660.0
2021-11-10,20230.0,27730.0,22560.0,43030.0,62880.0,42660.0
2021-11-11,18700.0,23980.0,21310.0,42970.0,59010.0,34800.0
2021-11-12,19400.0,24780.0,21620.0,41290.0,60910.0,36170.0
2021-11-13,19300.0,26470.0,21710.0,41440.0,61820.0,42660.0
2021-11-14,19510.0,25130.0,22430.0,41330.0,65140.0,38050.0
2021-11-15,18800.0,23340.0,20690.0,41910.0,61880.0,39500.0
2021-11-16,17940.0,25450.0,21180.0,43240.0,62140.0,39500.0
2021-11-17,18540.0,25620.0,20980.0,42590.0,65300.0,26000.0
2021-11-18,18100.0,24260.0,21630.0,43810.0,65630.0,45170.0
2021-11-19,18920.0,22510.0,22230.0,42810.0,66050.0,45170.0
2021-11-20,18570.0,25220.0,22750.0,42010.0,66250.0,36990.0
2021-11-21,19960.0,25150.0,23280.0,43150.0,66630.0,44250.0
2021-11-22,21290.0,29590.0,25310.0,41860.0,68980.0,44250.0
2021-11-23,21280.0,31200.0,25620.0,43490.0,63340.0,41670.0
2021-11-24,20190.0,31540.0,25860.0,43080.0,67240.0,42970.0
2021-11-25,20040.0,33910.0,25940.0,44870.0,67310.0,43340.0
2021-11-26,21250.0,32950.0,26230.0,47580.0,70000.0,42970.0
2021-11-27,22700.0,33310.0,27530.0,49110.0,68430.0,42770.0
2021-11-28,24170.0,34520.0,27530.0,46580.0,69140.0,42920.0
2021-11-29,27080.0,36490.0,30280.0,47310.0,69550.0,40940.0
2021-11-30,28420.0,41570.0,34870.0,49160.0,72310.0,45870.0
2021-12-01,35630.0,44610.0,36570.0,51250.0,72610.0,39000.0
2021-12-02,42110.0,57930.0,40710.0,57490.0,72580.0,44110.0
2021-12-03,40880.0,59420.0,43100.0,53830.0,72390.0,39000.0
2021-12-04,46830.0,70230.0,44190.0,56550.0,74070.0,45400.0
2021-12-05,44490.0,72940.0,46120.0,61130.0,73710.0,45790.0
2021-12-06,49910.0,73550.0,50810.0,64390.0,73180.0,50200.0
2021-12-07,54060.0,72730.0,53500.0,62650.0,71450.0,46870.0
2021-12-08,55620.0,72770.0,54260.0,67600.0,65980.0,47270.0
2021-12-09,55450.0,77890.0,54380.0,72310.0,80430.0,42770.0
2021-12-10,56690.0,78770.0,58320.0,70010.0,71610.0,50990.0
2021-12-11,57430.0,84090.0,59220.0,76030.0,81680.0,50990.0
2021-12-12,57660.0,90350.0,59820.0,84840.0,81900.0,47800.0
2021-12-13,61610.0,94140.0,64020.0,82620.0,84730.0,47800.0
2021-12-14,62680.0,96730.0,67070.0,84190.0,86590.0,47420.0
2021-12-15,62130.0,95770.0,71360.0,85820.0,79430.0,48540.0
2021-12-16,67710.0,95730.0,71890.0,86040.0,84180.0,41920.0
2021-12-17,69810.0,93740.0,71620.0,92380.0,79770.0,46630.0
2021-12-18,72440.0,94630.0,70350.0,82920.0,95740.0,50350.0
2021-12-19,73740.0,95920.0,72840.0,86990.0,88810.0,46630.0
2021-12-20,76850.0,97400.0,76440.0,87100.0,95170.0,49760.0
2021-12-21,77320.0,97890.0,78440.0,89440.0,93970.0,52060.0
2021-12-22,77140.0,98970.0,78880.0,91360.0,104170.0,51650.0
2021-12-23,77570.0,96250.0,79710.0,91950.0,101720.0,47550.0
2021-12-24,78020.0,95490.0,81070.0,92480.0,100440.0,56750.0
2021-12-25,77850.0,104310.0,81100.0,94810.0,114030.0,56750.0
2021-12-26,78040.0,101980.0,80560.0,96750.0,100010.0,52060.0
2021-12-27,78920.0,97870.0,81460.0,91560.0,106870.0,68120.0
2021-12-28,79960.0,93510.0,81860.0,100830.0,102050.0,66330.0
2021-12-29,81220.0,92940.0,80240.0,104150.0,106390.0,57970.0
2021-12-30,77770.0,65960.0,76170.0,99120.0,106090.0,57970.0
2021-12-31,76760.0,62480.0,63810.0,99910.0,106410.0,66330.0
2022-01-01,76680.0,64110.0,65210.0,111130.0,105460.0,55000.0
2022-01-02,74370.0,63440.0,64400.0,90180.0,100990.0,68410.0
2022-01-03,72660.0,67340.0,66410.0,90090.0,96970.0,74700.0
2022-01-04,75000.0,63990.0,64760.0,93510.0,93580.0,70360.0
2022-01-05,70020.0,62670.0,58780.0,98030.0,98180.0,70360.0
2022-01-06,54710.0,52130.0,53600.0,94600.0,90110.0,69710.0
2022-01-07,53740.0,49930.0,50230.0,92710.0,90510.0,66410.0
2022-01-08,53730.0,54760.0,45770.0,91910.0,88060.0,68410.0
2022-01-09,53540.0,53390.0,45480.0,89140.0,88680.0,72590.0
2022-01-10,49030.0,45650.0,42600.0,88260.0,89280.0,64540.0
2022-01-11,47180.0,42040.0,41670.0,80130.0,95630.0,65840.0
2022-01-12,43180.0,43600.0,40250.0,86800.0,93430.0,60000.0
2022-01-13,42230.0,49760.0,40400.0,71600.0,92340.0,52850.0
2022-01-14,43260.0,47260.0,38400.0,66870.0,90260.0,52850.0
2022-01-15,43260.0,45800.0,37990.0,78100.0,96780.0,54430.0
2022-01-16,41690.0,44650.0,38360.0,78050.0,100200.0,44900.0
2022-01-17,38440.0,44770.0,38560.0,73530.0,90110.0,57690.0
2022-01-18,40080.0,45120.0,37580.0,65830.0,89690.0,56260.0
2022-01-19,37930.0,43490.0,36870.0,67570.0,87490.0,59230.0
2022-01-20,38830.0,42590.0,36050.0,74380.0,87910.0,53640.0
2022-01-21,37020.0,42230.0,34350.0,77390.0,87960.0,54050.0
2022-01-22,36830.0,41120.0,33370.0,74480.0,69280.0,56750.0
2022-01-23,34360.0,38940.0,30590.0,74270.0,86670.0,56750.0
2022-01-24,28500.0,38020.0,28320.0,65700.0,78400.0,55500.0
2022-01-25,28970.0,37750.0,28110.0,68870.0,75620.0,54050.0
2022-01-26,29590.0,37100.0,26960.0,66160.0,75060.0,44580.0
2022-01-27,28860.0,35630.0,26910.0,65880.0,74000.0,49760.0
2022-01-28,28110.0,35690.0,25930.0,69170.0,73000.0,44900.0
2022-01-29,28110.0,38290.0,25900.0,69140.0,68040.0,54220.0
2022-01-30,27050.0,36150.0,26120.0,66910.0,73560.0,53670.0
2022-01-31,26260.0,36310.0,25380.0,60240.0,69490.0,52880.0
2022-02-01,26320.0,35710.0,25170.0,63140.0,73710.0,54860.0
2022-02-02,26240.0,36950.0,25780.0,61340.0,69090.0,52880.0
2022-02-03,25720.0,42110.0,26420.0,62240.0,68480.0,52720.0
2022-02-04,28030.0,43120.0,30970.0,63200.0,69050.0,50320.0
2022-02-05,29770.0,44810.0,31850.0,65650.0,68670.0,51140.0
2022-02-06,30800.0,50020.0,32830.0,64990.0,68700.0,51140.0
2022-02-07,32740.0,50810.0,31680.0,60870.0,66140.0,49800.0
2022-02-08,35540.0,47850.0,33520.0,62350.0,71180.0,42580.0
2022-02-09,37730.0,48710.0,33870.0,62350.0,68960.0,48690.0
2022-02-10,37480.0,49320.0,33070.0,60690.0,68060.0,48250.0
2022-02-11,36890.0,49900.0,32650.0,61700.0,67960.0,50790.0
2022-02-12,36080.0,53940.0,33250.0,49130.0,70050.0,49970.0
2022-02-13,36710.0,55330.0,32670.0,62400.0,71460.0,49320.0
2022-02-14,35160.0,55430.0,34030.0,63020.0,68960.0,47180.0
2022-02-15,37610.0,51940.0,34160.0,65560.0,69010.0,48060.0
2022-02-16,38890.0,51830.0,36550.0,63700.0,69710.0,47180.0
2022-02-17,39370.0,56710.0,37620.0,66420.0,60030.0,49320.0
2022-02-18,39050.0,54530.0,37940.0,64420.0,72350.0,47940.0
2022-02-19,39260.0,57940.0,38500.0,67700.0,73470.0,47940.0
2022-02-20,39810.0,56910.0,38000.0,66550.0,72450.0,49130.0
2022-02-21,41060.0,56620.0,38670.0,70480.0,72620.0,40990.0
2022-02-22,44460.0,58840.0,39780.0,73590.0,71610.0,47340.0
2022-02-23,46990.0,60070.0,40720.0,72610.0,73760.0,45720.0
2022-02-24,48740.0,62650.0,40990.0,69610.0,73060.0,49130.0
2022-02-25,50310.0,62720.0,41460.0,71710.0,74810.0,47030.0
2022-02-26,50070.0,59480.0,43040.0,70690.0,75050.0,47940.0
2022-02-27,56210.0,57860.0,44200.0,71930.0,72800.0,48250.0
2022-02-28,58520.0,59090.0,45170.0,71950.0,75330.0,47640.0
2022-03-01,60130.0,60090.0,48580.0,76200.0,76760.0,48560.0
2022-03-02,61980.0,61780.0,53950.0,72540.0,80390.0,48250.0
2022-03-03,60000.0,62680.0,53850.0,74420.0,84400.0,48250.0
2022-03-04,63120.0,63140.0,54570.0,74840.0,85770.0,46480.0
2022-03-05,65850.0,62710.0,55510.0,76410.0,80590.0,47750.0
2022-03-06,65590.0,65400.0,57400.0,76020.0,78520.0,46480.0
2022-03-07,63210.0,62440.0,59230.0,79180.0,85580.0,36230.0
2022-03-08,61660.0,63440.0,60530.0,76050.0,92790.0,72910.0
2022-03-09,62700.0,63720.0,58690.0,79450.0,89530.0,80370.0
2022-03-10,60160.0,67610.0,54980.0,79260.0,89740.0,72910.0
2022-03-11,57130.0,66540.0,54460.0,81410.0,89850.0,67530.0
2022-03-12,54920.0,63820.0,53340.0,78560.0,95860.0,75910.0
2022-03-13,52340.0,64110.0,54080.0,78990.0,91610.0,85590.0
2022-03-14,55170.0,64880.0,51400.0,81200.0,94420.0,70990.0
2022-03-15,54210.0,64190.0,49940.0,78850.0,94500.0,79360.0
2022-03-16,53060.0,63320.0,49970.0,81680.0,95020.0,81630.0
2022-03-17,52080.0,63820.0,48200.0,79210.0,98130.0,49510.0
2022-03-18,53580.0,63300.0,47810.0,83510.0,94620.0,80290.0
2022-03-19,54200.0,62470.0,47740.0,82990.0,95350.0,79360.0
2022-03-20,54070.0,60470.0,47560.0,83510.0,95500.0,68000.0
2022-03-21,50750.0,62450.0,44880.0,80500.0,83440.0,66180.0
2022-03-22,52080.0,59630.0,44200.0,85930.0,95890.0,57540.0
2022-03-23,48950.0,58990.0,41950.0,84100.0,96240.0,71490.0
2022-03-24,47340.0,60250.0,39960.0,84070.0,94090.0,56180.0
2022-03-25,46250.0,59130.0,39140.0,80600.0,92910.0,61170.0
2022-03-26,46720.0,58630.0,38750.0,77780.0,77780.0,61770.0
2022-03-27,46680.0,57090.0,38000.0,80510.0,91090.0,61170.0
2022-03-28,46110.0,59610.0,36690.0,77900.0,89980.0,61440.0
2022-03-29,45770.0,59790.0,36720.0,78350.0,86110.0,58920.0
2022-03-30,45070.0,60030.0,37120.0,78520.0,94940.0,60820.0
2022-03-31,45180.0,61000.0,37890.0,76570.0,87800.0,59780.0
2022-04-01,45420.0,60810.0,37500.0,80590.0,86200.0,68440.0
2022-04-02,44420.0,61100.0,36900.0,79840.0,82320.0,69280.0
2022-04-03,42570.0,60060.0,36730.0,79520.0,81990.0,58980.0
2022-04-04,44210.0,61760.0,39570.0,75540.0,81100.0,53600.0
2022-04-05,43830.0,81150.0,39840.0,77080.0,81850.0,67190.0
2022-04-06,42480.0,70120.0,38380.0,76130.0,82800.0,53240.0
2022-04-07,42200.0,64320.0,36650.0,78720.0,86220.0,57610.0
2022-04-08,40490.0,57710.0,33430.0,77570.0,81710.0,42030.0
2022-04-09,42790.0,53070.0,31620.0,75690.0,82850.0,44260.0
2022-04-10,36680.0,51430.0,30310.0,68590.0,81380.0,39410.0
2022-04-11,34890.0,52960.0,27100.0,73260.0,82030.0,37740.0
2022-04-12,29860.0,43560.0,27010.0,68640.0,81470.0,80000.0
2022-04-13,28600.0,36930.0,24710.0,68360.0,83070.0,41040.0
2022-04-14,27540.0,40950.0,25070.0,68000.0,82900.0,61970.0
2022-04-15,27340.0,39710.0,24750.0,66590.0,82070.0,61970.0
2022-04-16,25910.0,43810.0,24400.0,65640.0,81400.0,40260.0
2022-04-17,26190.0,45650.0,24240.0,68470.0,78680.0,48520.0
2022-04-18,25690.0,42240.0,25640.0,63530.0,81120.0,45790.0
2022-04-19,26090.0,36180.0,25280.0,61400.0,84340.0,61970.0
2022-04-20,24960.0,35200.0,25480.0,61060.0,83860.0,61970.0
2022-04-21,24390.0,35710.0,24430.0,61330.0,81990.0,47910.0
2022-04-22,25220.0,33150.0,23980.0,60920.0,82310.0,44210.0
2022-04-23,29820.0,34390.0,24040.0,62870.0,82220.0,48660.0
2022-04-24,25160.0,34590.0,24350.0,63810.0,82470.0,60000.0
2022-04-25,25320.0,34190.0,26990.0,63020.0,83470.0,60000.0
2022-04-26,24100.0,33230.0,28130.0,61120.0,83650.0,54510.0
2022-04-27,24760.0,33730.0,29380.0,63060.0,79140.0,41600.0
2022-04-28,24280.0,34490.0,30150.0,62010.0,78010.0,60000.0
2022-04-29,25320.0,33780.0,30430.0,64360.0,79310.0,45400.0
2022-04-30,25620.0,36420.0,32690.0,65280.0,81050.0,60000.0
2022-05-01,25510.0,41310.0,34910.0,69470.0,82280.0,50130.0
2022-05-02,24770.0,43700.0,34840.0,64090.0,83910.0,48000.0
2022-05-03,25400.0,41770.0,35080.0,65830.0,82980.0,48000.0
2022-05-04,25450.0,39520.0,34210.0,68060.0,81790.0,48000.0
2022-05-05,27110.0,32290.0,32480.0,75110.0,87860.0,60000.0
2022-05-06,26700.0,29950.0,31080.0,65060.0,81490.0,60000.0
2022-05-07,25920.0,30480.0,30940.0,65290.0,80730.0,57970.0
2022-05-08,25550.0,30700.0,31420.0,63050.0,78140.0,57970.0
2022-05-09,23270.0,31340.0,30140.0,62290.0,74500.0,49460.0
2022-05-10,23580.0,27680.0,29930.0,62640.0,72680.0,57970.0
2022-05-11,23700.0,29120.0,28760.0,61150.0,71930.0,57970.0
2022-05-12,24950.0,32420.0,29550.0,58850.0,74670.0,38990.0
2022-05-13,24560.0,33350.0,29220.0,56740.0,72960.0,55860.0
2022-05-14,24380.0,34510.0,29880.0,59450.0,71480.0,35330.0
2022-05-15,24370.0,33040.0,29890.0,58430.0,72720.0,49700.0
2022-05-16,26750.0,33860.0,30570.0,57570.0,71900.0,49700.0
2022-05-17,31460.0,35150.0,33710.0,60130.0,74750.0,52250.0
2022-05-18,31160.0,34220.0,36340.0,61300.0,72970.0,52250.0
2022-05-19,35580.0,39840.0,41770.0,62370.0,73210.0,52250.0
2022-05-20,35870.0,40790.0,41760.0,64690.0,72420.0,52250.0
2022-05-21,37680.0,41770.0,42950.0,65040.0,74290.0,49700.0
2022-05-22,37300.0,40670.0,43650.0,66620.0,75440.0,49700.0
2022-05-23,38070.0,43480.0,41720.0,70250.0,76410.0,52250.0
2022-05-24,38220.0,41510.0,43720.0,70790.0,77730.0,52250.0
2022-05-25,40330.0,41360.0,48390.0,67410.0,80140.0,58140.0
2022-05-26,42130.0,43380.0,50010.0,72280.0,81090.0,49090.0
2022-05-27,45310.0,44360.0,48220.0,71320.0,81400.0,58140.0
2022-05-28,47580.0,45310.0,49500.0,72000.0,84610.0,45570.0
2022-05-29,47340.0,47550.0,49790.0,72890.0,85460.0,58140.0
2022-05-30,49720.0,48220.0,52850.0,73290.0,84170.0,66480.0
2022-05-31,53890.0,48540.0,56650.0,73170.0,88210.0,52000.0
2022-06-01,55250.0,47650.0,59710.0,73290.0,85650.0,66480.0
2022-06-02,60160.0,51840.0,60850.0,75390.0,91090.0,66480.0
2022-06-03,64380.0,53750.0,62700.0,77850.0,88660.0,56130.0
2022-06-04,69740.0,59680.0,66760.0,77370.0,86450.0,56130.0
2022-06-05,76850.0,59990.0,70630.0,77920.0,87080.0,68410.0
2022-06-06,88690.0,61450.0,75720.0,78000.0,88150.0,68410.0
2022-06-07,85800.0,75500.0,80300.0,77100.0,89520.0,68410.0
2022-06-08,78510.0,77690.0,82700.0,80270.0,88110.0,68410.0
2022-06-09,81980.0,92250.0,82960.0,91070.0,85460.0,70290.0
2022-06-10,87386.25367952959,109331.77140036068,82873.32734600804,101800.77202937863,82801.90691214312,72689.28844642834
2022-06-11,91637.46830036845,124129.50303400282,82889.84104081434,110350.12497444997,80294.15836046336,75009.92768899603
2022-06-12,94807.03932291418,136753.53342768757,83000.13907854525,116857.90689455836,77937.19557350515,77249.4421741015
2022-06-13,96968.42727880352,141080.0,83194.81507856732,121463.9795205896,75731.46151991059,79405.3563583859
2022-06-14,98195.0926996732,141080.0,83464.46266024695,124308.2045834294,73677.39916832172,81475.19469849044
2022-06-15,98560.49611715994,141080.0,83799.67544295076,125530.44381396365,71775.45148738069,83456.48165105625
2022-06-16,98138.09806290046,141080.0,84191.04704604505,125270.558943078,70026.06144572952,85346.74167272451
2022-06-17,97001.35906853153,141080.0,84629.17108889643,123668.41170165832,68429.67201201036,87143.49922013642
2022-06-18,95223.73966568985,141080.0,85104.6411908713,120863.86382059038,66986.72615486522,88844.27874993315
2022-06-19,92878.70038601215,141080.0,85608.0509713362,116996.77703075994,65697.66684293622,90446.60471875589
2022-06-20,90039.70176113516,141080.0,86129.99404965757,112207.01306305279,64562.937044865444,91948.00158324574
2022-06-21,86780.20432269564,141080.0,86661.06404520189,106634.43364835459,63582.979729294944,93345.99380004399
2022-06-22,83173.6686023303,141080.0,87191.85457733563,100418.90051755132,62758.237864866845,93810.0
2022-06-23,79293.55513167586,141080.0,87712.95926542529,93700.27540152859,62089.15442022321,93810.0
2022-06-24,75213.32444236909,141080.0,88214.97172883735,86618.42003117227,61576.172364006125,93810.0
2022-06-25,71006.43706604667,141080.0,88688.48558693824,79313.19613736811,61219.73466485767,93810.0
2022-06-26,66746.35353434538,141080.0,89124.09445909453,71924.46545100187,61020.28429141993,93810.0
2022-06-27,62506.534378901924,140355.54171892008,89512.39196467261,64592.08970295936,60978.26421233498,93810.0
2022-06-28,58360.440131353025,133217.49250945626,89843.97172303898,57455.93062412633,61094.117396244925,93810.0
2022-06-29,54381.53132333541,125782.88458955627,90109.42735356014,50655.84994538859,61368.28681179182,93810.0
2022-06-30,50643.26848648584,118162.13810801548,90299.35247560256,44331.70939763187,61801.21542761776,93810.0
2022-07-01,47219.11215244104,110465.67321362927,90404.34070853272,38623.37071174197,62393.346212364835,93810.0
2022-07-02,44182.522852837734,102803.91005519299,90414.98567171709,33670.69561860469,63145.12213467511,93810.0
2022-07-03,41606.96111931265,95287.26878150197,90321.88098452217,29613.545849105754,64056.98616319069,93810.0
2022-07-04,39565.887483502505,88026.16954135167,90115.62026631436,26591.783134130994,65129.38126655364,93810.0
2022-07-05,38132.76247704406,81131.03248353738,89786.79713646023,24745.269204566153,66362.75041340603,93810.0
2022-07-06,37381.04663157404,74712.27775685448,89326.00521432623,24213.865791297034,67757.53657238997,93810.0
2022-07-07,37384.20047872915,68880.32551009834,88723.83811927881,25137.43462520937,69314.18271214754,93810.0
2022-07-08,38215.68455014615,63745.595892064324,87970.88947068452,27655.837437189002,71033.13180132085,93810.0
2022-07-09,39948.95937746177,59418.50905154783,87057.75288790974,31908.935958121627,72914.8268085519,93810.0
2022-07-10,42657.48549231272,56009.48513734418,85975.02199032102,38036.591918893115,74959.71070248284,93810.0
2022-07-11,46414.72342633574,53628.94429824876,84713.29039728481,46178.667050389166,77168.22645175575,93810.0
2022-07-12,51294.13371116757,52387.30668305693,83263.15172816759,56475.02308349562,79540.81702501267,93810.0
2022-07-13,57369.17687844493,52394.99244056408,81615.19960233584,69065.52174909817,82077.92539089573,92929.94694535449
2022-07-14,64713.31345980456,53762.42171956555,79760.0,84090.0,84780.0,91266.382298209
2022-07-15,73400.0,56600.0,77480.0,98410.0,87200.0,89440.0
2022-07-16,80670.0,59320.0,74820.0,101410.0,86980.0,89630.0
2022-07-17,76310.0,57050.0,73340.0,99940.0,85600.0,93810.0
2022-07-18,66670.0,55390.0,68820.0,98840.0,93720.0,83380.0
2022-07-19,67250.0,54810.0,66510.0,98890.0,95740.0,77070.0
2022-07-20,64720.0,51500.0,65040.0,98100.0,95790.0,79370.0
2022-07-21,64890.0,49030.0,64780.0,94280.0,94790.0,75600.0
2022-07-22,64480.0,50230.0,63090.0,89430.0,94360.0,67820.0
2022-07-23,62740.0,54540.0,62400.0,88300.0,100000.0,67820.0
2022-07-24,62630.0,55160.0,61420.0,85760.0,99930.0,80000.0
2022-07-25,59590.0,53040.0,59990.0,80900.0,94160.0,71860.0
2022-07-26,59110.0,58290.0,58350.0,82150.0,93280.0,70710.0
2022-07-27,57780.0,57110.0,57440.0,82660.0,93850.0,67820.0
2022-07-28,57570.0,57970.0,58100.0,81240.0,92050.0,69280.0
2022-07-29,52700.0,57420.0,58140.0,82910.0,93610.0,48000.0
2022-07-30,57880.0,55680.0,57390.0,81370.0,92920.0,69280.0
2022-07-31,56350.0,54360.0,57090.0,80530.0,98460.0,69280.0
2022-08-01,55760.0,55950.0,57550.0,79710.0,93790.0,63250.0
2022-08-02,56840.0,55510.0,58040.0,77810.0,93180.0,56570.0
2022-08-03,60000.0,55250.0,64330.0,78922.562052226,92302.9047498279,56707.96569735462
2022-08-04,54930.0,54630.0,58030.0,79760.0,90840.0,61640.0
2022-08-05,56330.0,52190.0,58420.0,76740.0,91170.0,66330.0
2022-08-06,56450.0,52670.0,57850.0,75170.0,92580.0,66330.0
2022-08-07,53070.0,60700.0,57100.0,78960.0,92020.0,60440.0
2022-08-08,56580.0,60510.0,55110.0,76010.0,93960.0,67080.0
2022-08-09,54360.0,62450.0,54300.0,77690.0,94210.0,69520.0
2022-08-10,54250.0,59890.0,52690.0,76500.0,97150.0,63250.0
2022-08-11,51650.0,63030.0,49060.0,78510.0,95540.0,55410.0
2022-08-12,51530.0,64860.0,47280.0,77940.0,89250.0,52410.0
2022-08-13,52520.0,75680.0,47240.0,77380.0,91800.0,60000.0
2022-08-14,49260.0,72990.0,45830.0,76070.0,93710.0,54510.0
2022-08-15,43410.0,69310.0,41710.0,70590.0,92760.0,56460.0
2022-08-16,41650.0,64960.0,41060.0,73930.0,92930.0,62610.0
2022-08-17,39870.0,64140.0,41920.0,72830.0,95210.0,58280.0
2022-08-18,39080.0,69680.0,41050.0,70270.0,96470.0,69280.0
2022-08-19,39210.0,66760.0,40440.0,67190.0,95530.0,67820.0
2022-08-20,38390.0,67100.0,40880.0,67190.0,97210.0,54290.0
2022-08-21,35120.0,61570.0,40380.0,67490.0,95040.0,67820.0
2022-08-22,34240.0,61460.0,37950.0,67080.0,94900.0,60300.0
2022-08-23,33780.0,62040.0,37220.0,69770.0,95120.0,58480.0
2022-08-24,32120.0,62680.0,35840.0,65890.0,94720.0,58480.0
2022-08-25,32670.0,61190.0,35690.0,64810.0,93720.0,58480.0
2022-08-26,32680.0,60700.0,34750.0,57760.0,89460.0,53670.0
2022-08-27,33100.0,61900.0,34670.0,64760.0,87320.0,61480.0
2022-08-28,34210.0,57900.0,35150.0,65550.0,87890.0,61480.0
2022-08-29,35840.0,55390.0,36820.0,68050.0,86930.0,56120.0
2022-08-30,37410.0,59060.0,38480.0,61540.0,83350.0,54770.0
2022-08-31,39340.0,59660.0,41450.0,64650.0,79190.0,61640.0
2022-09-01,39340.0,59570.0,41860.0,67060.0,79950.0,54240.0
2022-09-02,40610.0,56800.0,43480.0,66010.0,78790.0,58310.0
2022-09-03,42780.0,56300.0,42650.0,68250.0,79480.0,55400.0
2022-09-04,42180.0,52530.0,44050.0,62320.0,79030.0,60000.0
2022-09-05,44710.0,54990.0,47760.0,68100.0,77830.0,47620.0
2022-09-06,46540.0,57620.0,49350.0,70030.0,77360.0,60000.0
2022-09-07,47420.0,60500.0,50950.0,73770.0,78110.0,61640.0
2022-09-08,48780.0,61880.0,50800.0,74900.0,77350.0,50200.0
2022-09-09,46710.0,59900.0,49240.0,75680.0,78260.0,50130.0
2022-09-10,47800.0,59700.0,49240.0,71130.0,77840.0,58480.0
2022-09-11,47460.0,57150.0,49830.0,71810.0,80010.0,54540.0
2022-09-12,48200.0,56520.0,51820.0,74340.0,86960.0,63250.0
2022-09-13,49660.0,55110.0,52610.0,71730.0,81940.0,52000.0
2022-09-14,49380.0,52350.0,52940.0,69460.0,80360.0,64500.0
2022-09-15,49380.0,58600.0,54630.0,69940.0,78260.0,66720.0
2022-09-16,50110.0,56290.0,56900.0,69050.0,78620.0,80500.0
2022-09-17,58370.0,55900.0,59560.0,69890.0,78250.0,69100.0
2022-09-18,60090.0,54390.0,59610.0,69730.0,78370.0,69280.0
2022-09-19,61020.0,52190.0,61790.0,68930.0,78120.0,58280.0
2022-09-20,59400.0,53510.0,61440.0,72540.0,77840.0,58480.0
2022-09-21,59020.0,54910.0,60730.0,70740.0,75100.0,40000.0
2022-09-22,58760.0,54340.0,58790.0,69700.0,79320.0,63640.0
2022-09-23,60440.0,52130.0,56250.0,70120.0,80790.0,40000.0
2022-09-24,57820.0,57880.0,55770.0,70190.0,79830.0,56570.0
2022-09-25,56850.0,53970.0,55610.0,70710.0,80290.0,56570.0
2022-09-26,53860.0,53650.0,54550.0,66140.0,82210.0,45790.0
2022-09-27,53890.0,55750.0,53680.0,66940.0,81220.0,52920.0
2022-09-28,55490.0,54900.0,54570.0,67480.0,82210.0,44320.0
2022-09-29,54180.0,54690.0,54560.0,67750.0,80190.0,55140.0
2022-09-30,54580.0,52790.0,54840.0,69440.0,79660.0,53670.0
2022-10-01,53380.0,56340.0,54860.0,68810.0,80450.0,45830.0
2022-10-02,53470.0,55200.0,54590.0,66980.0,81400.0,51580.0
2022-10-03,52130.0,57030.0,55450.0,67550.0,81570.0,49380.0
2022-10-04,51470.0,55760.0,53710.0,64930.0,82540.0,48400.0
2022-10-05,50860.0,60410.0,52370.0,67000.0,83110.0,47950.0
2022-10-06,46720.0,60420.0,52260.0,64740.0,83440.0,47830.0
2022-10-07,46940.0,58590.0,49840.0,63050.0,85090.0,56570.0
2022-10-08,44870.0,61080.0,48530.0,66840.0,85210.0,40000.0
2022-10-09,44080.0,60240.0,49050.0,67500.0,85670.0,56570.0
2022-10-10,41440.0,60970.0,47440.0,64330.0,86200.0,43660.0
2022-10-11,41130.0,59710.0,48680.0,64520.0,83610.0,38250.0
2022-10-12,41360.0,58510.0,46960.0,66380.0,81850.0,45400.0
2022-10-13,41670.0,56090.0,47580.0,65380.0,81950.0,44440.0
2022-10-14,39540.0,54800.0,45630.0,66400.0,83660.0,40280.0
2022-10-15,38750.0,56050.0,45660.0,66410.0,82540.0,54080.0
2022-10-16,39380.0,55290.0,44270.0,67770.0,84950.0,51960.0
2022-10-17,37260.0,48520.0,42470.0,67500.0,83530.0,38910.0
2022-10-18,36790.0,45700.0,41050.0,65450.0,82790.0,41890.0
2022-10-19,36140.0,42990.0,40410.0,65220.0,81470.0,51960.0
2022-10-20,37350.0,46120.0,40600.0,65610.0,81720.0,51960.0
2022-10-21,35630.0,42950.0,39220.0,65210.0,78540.0,38090.0
2022-10-22,33440.0,43860.0,39160.0,63440.0,78200.0,51960.0
2022-10-23,33360.0,42890.0,38540.0,63260.0,81280.0,51960.0
2022-10-24,34260.0,44160.0,37330.0,62690.0,80060.0,43270.0
2022-10-25,33970.0,40590.0,36670.0,61660.0,80350.0,45000.0
2022-10-26,32890.0,39870.0,36940.0,59600.0,79830.0,43270.0
2022-10-27,31820.0,39310.0,36800.0,60190.0,79990.0,42280.0
2022-10-28,31580.0,39580.0,35840.0,59340.0,82280.0,51960.0
2022-10-29,32220.0,38370.0,35140.0,57750.0,81110.0,51960.0
2022-10-30,32700.0,35690.0,34390.0,57090.0,82230.0,51960.0
2022-10-31,31760.0,35960.0,32930.0,54090.0,81160.0,51960.0
2022-11-01,31430.0,38900.0,32510.0,54500.0,76950.0,46030.0
2022-11-02,30780.0,43470.0,32450.0,53480.0,75760.0,64810.0
2022-11-03,29910.0,39700.0,31530.0,51940.0,77410.0,34640.0
2022-11-04,30300.0,40110.0,31040.0,52440.0,76440.0,62450.0
2022-11-05,28670.0,37600.0,30920.0,51870.0,76210.0,67080.0
2022-11-06,28270.0,39580.0,31040.0,51940.0,75130.0,62050.0
2022-11-07,28740.0,40150.0,31590.0,53500.0,79070.0,62050.0
2022-11-08,28940.0,40540.0,30830.0,53340.0,76740.0,64230.0
2022-11-09,28940.0,41480.0,30330.0,52360.0,75890.0,67080.0
2022-11-10,29060.0,41270.0,30210.0,52060.0,75590.0,46430.0
2022-11-11,28860.0,40230.0,30170.0,52440.0,74410.0,50940.0
2022-11-12,28860.0,41960.0,29030.0,53580.0,76210.0,62050.0
2022-11-13,28270.0,39880.0,28690.0,53070.0,77720.0,47800.0
2022-11-14,28240.0,41040.0,29150.0,48310.0,75740.0,50130.0
2022-11-15,27650.0,39970.0,29330.0,48240.0,75320.0,67080.0
2022-11-16,28020.0,41560.0,29980.0,47000.0,74630.0,64810.0
2022-11-17,29500.0,41800.0,30260.0,45730.0,74320.0,31620.0
2022-11-18,31550.0,39380.0,30600.0,47590.0,73290.0,38810.0
2022-11-19,30950.0,40210.0,29980.0,49930.0,71190.0,70000.0
2022-11-20,31820.0,39950.0,31240.0,48440.0,70670.0,64810.0
2022-11-21,32560.0,40440.0,31050.0,50020.0,70720.0,40990.0
2022-11-22,31840.0,43400.0,30900.0,50020.0,68700.0,57010.0
2022-11-23,32390.0,41470.0,31350.0,50300.0,68770.0,61240.0
2022-11-24,32010.0,42920.0,31350.0,49550.0,68600.0,41210.0
2022-11-25,30990.0,41660.0,30690.0,49680.0,71350.0,59160.0
2022-11-26,30930.0,46160.0,31140.0,50180.0,71920.0,44980.0
2022-11-27,31040.0,45590.0,31000.0,49730.0,70570.0,59160.0
2022-11-28,30220.0,46550.0,30760.0,48520.0,70350.0,46100.0
2022-11-29,30220.0,45850.0,31200.0,49460.0,71590.0,47180.0
2022-11-30,30470.0,45160.0,33650.0,49800.0,72640.0,59160.0
2022-12-01,31360.0,46150.0,34610.0,51230.0,71780.0,59160.0
2022-12-02,31710.0,47460.0,35560.0,51570.0,72670.0,54000.0
2022-12-03,31900.0,47000.0,36110.0,50810.0,71830.0,59160.0
2022-12-04,32650.0,47990.0,36060.0,50290.0,70970.0,57010.0
2022-12-05,36600.0,46190.0,38270.0,50850.0,72770.0,44980.0
2022-12-06,41650.0,48180.0,40050.0,52110.0,72390.0,44400.0
2022-12-07,44020.0,47850.0,41960.0,52610.0,71700.0,50000.0
2022-12-08,46480.0,53120.0,41880.0,54150.0,72750.0,50000.0
2022-12-09,47180.0,51270.0,41900.0,53660.0,73550.0,54770.0
2022-12-10,45660.0,51320.0,41780.0,52320.0,75240.0,54770.0
2022-12-11,43930.0,49540.0,40760.0,54560.0,74980.0,54770.0
2022-12-12,43700.0,49690.0,41550.0,55080.0,74930.0,54770.0
2022-12-13,41870.0,47620.0,39880.0,56070.0,78250.0,60000.0
2022-12-14,40270.0,47540.0,40380.0,55990.0,80890.0,54770.0
2022-12-15,37700.0,41750.0,37880.0,55350.0,81270.0,52920.0
2022-12-16,36270.0,41120.0,36650.0,53990.0,81650.0,52920.0
2022-12-17,35430.0,43230.0,37330.0,52500.0,82360.0,51370.0
2022-12-18,35260.0,43200.0,37950.0,53230.0,83250.0,52920.0
2022-12-19,37350.0,44660.0,36070.0,49180.0,86220.0,52920.0
2022-12-20,37240.0,43700.0,36310.0,49230.0,88930.0,54770.0
2022-12-21,37150.0,42630.0,36790.0,49130.0,90010.0,57010.0
2022-12-22,36680.0,43520.0,36480.0,46130.0,91230.0,62450.0
2022-12-23,39280.0,42070.0,37620.0,49320.0,94430.0,62450.0
2022-12-24,38330.0,43190.0,38070.0,49890.0,97810.0,63290.0
2022-12-25,40010.0,43440.0,38310.0,51790.0,100600.0,59790.0
2022-12-26,42190.0,41790.0,41480.0,50400.0,97910.0,54510.0
2022-12-27,43770.0,43570.0,42160.0,56600.0,96270.0,57970.0
2022-12-28,44490.0,45100.0,43150.0,56780.0,97350.0,52920.0
2022-12-29,45090.0,45600.0,42730.0,55460.0,98410.0,47900.0
2022-12-30,49650.0,43970.0,44630.0,58060.0,97980.0,48540.0
2022-12-31,53410.0,44660.0,44650.0,59680.0,94600.0,54770.0
2023-01-01,62090.0,44760.0,48170.0,55350.0,89830.0,53830.0
2023-01-02,76610.0,48560.0,58130.0,52990.0,89070.0,51100.0
2023-01-03,71330.0,48890.0,57170.0,57540.0,88880.0,50200.0
2023-01-04,71850.0,47800.0,56590.0,56900.0,87890.0,50000.0
2023-01-05,69090.0,48820.0,56910.0,58810.0,89740.0,62450.0
2023-01-06,69120.0,47430.0,57550.0,60920.0,83290.0,53670.0
2023-01-07,65220.0,50110.0,57240.0,60740.0,85920.0,53670.0
2023-01-08,62730.0,49270.0,60140.0,60310.0,82460.0,53670.0
2023-01-09,57010.0,46930.0,56730.0,60000.0,79300.0,51530.976028148085
2023-01-10,59250.0,41000.0,56550.0,58250.0,79900.0,53270.0
2023-01-11,60270.0,37550.0,54420.0,59650.0,78990.0,60000.0
2023-01-12,60190.0,41740.0,53720.0,57420.0,78610.0,60000.0
2023-01-13,58900.0,42700.0,52610.0,59400.0,77360.0,60000.0
2023-01-14,57820.0,40850.0,52480.0,59830.0,77050.0,48280.0
2023-01-15,54970.0,38690.0,50100.0,60070.0,76480.0,60000.0
2023-01-16,47920.0,36200.0,48090.0,58580.0,75160.0,60000.0
2023-01-17,45260.0,38890.0,46660.0,58350.0,76750.0,49320.0
2023-01-18,44560.0,37630.0,47420.0,57480.0,75770.0,46420.0
2023-01-19,44040.0,37170.0,47830.0,56440.0,75770.0,54770.0
2023-01-20,45020.0,34470.0,46370.0,56440.0,74790.0,54770.0
2023-01-21,43850.0,33190.0,47210.0,56940.0,72450.0,54770.0
2023-01-22,43990.0,31060.0,45570.0,55540.0,71800.0,52440.0
2023-01-23,45590.0,30480.0,45980.0,53490.0,72300.0,54770.0
2023-01-24,46300.0,30910.0,47440.0,52080.0,69310.0,45000.0
2023-01-25,47020.0,29930.0,48870.0,50630.0,68720.0,47430.0
2023-01-26,48980.0,30780.0,48410.0,52120.0,68130.0,42460.0
2023-01-27,49290.0,31020.0,50030.0,51360.0,69780.0,44810.0
2023-01-28,48390.0,31230.0,49120.0,51940.0,70790.0,44050.0
2023-01-29,51040.0,31590.0,49480.0,52230.0,68730.0,49460.0
2023-01-30,50240.0,30950.0,49880.0,49950.0,71040.0,55000.0
2023-01-31,50240.0,32170.0,49500.0,56070.0,72510.0,41600.0
2023-02-01,49750.0,32500.0,48470.0,55330.0,74750.0,47430.0
2023-02-02,49010.0,41250.0,48600.0,54910.0,71190.0,44050.0
2023-02-03,49440.0,33180.0,47280.0,52290.0,74560.0,47430.0
2023-02-04,50700.0,35590.0,48270.0,53040.0,72050.0,45000.0
2023-02-05,50520.0,33990.0,48610.0,51380.0,70720.0,37800.0
2023-02-06,52500.0,38170.0,51060.0,53330.0,71770.0,47430.0
2023-02-07,52790.0,39410.0,52130.0,56080.0,72850.0,47430.0
2023-02-08,53490.0,39170.0,52560.0,57350.0,69960.0,47430.0
2023-02-09,53810.0,39160.0,52810.0,52940.0,69820.0,44810.0
2023-02-10,54050.0,38230.0,52270.0,55910.0,68420.0,44810.0
2023-02-11,57590.0,42340.0,52410.0,58060.0,65950.0,42430.0
2023-02-12,57610.0,44270.0,52610.0,56690.0,65620.0,40170.0
2023-02-13,60060.0,47030.0,53760.0,53690.0,66130.0,40440.0
2023-02-14,59010.0,48450.0,55010.0,53060.0,63430.0,45000.0
2023-02-15,60050.0,50370.0,55940.0,57590.0,63020.0,45000.0
2023-02-16,61460.0,49460.0,57990.0,59470.0,63090.0,41000.0
2023-02-17,63270.0,48250.0,59520.0,53340.0,62590.0,39740.0
2023-02-18,63630.0,47720.0,59640.0,58060.0,65460.0,45000.0
2023-02-19,62380.0,47870.0,60160.0,60220.0,62190.0,45000.0
2023-02-20,63490.0,50550.0,60390.0,59590.0,61600.0,45000.0
2023-02-21,63060.0,51490.0,61420.0,61870.0,60590.0,45000.0
2023-02-22,62620.0,58380.0,61140.0,63160.0,60830.0,41600.0
2023-02-23,62940.0,65440.0,62030.0,64820.0,62920.0,42280.0
2023-02-24,62340.0,64310.0,61350.0,65950.0,63440.0,47430.0
2023-02-25,62570.0,68020.0,60510.0,65910.0,62400.0,40720.0
2023-02-26,61520.0,66020.0,59700.0,66650.0,58930.0,52440.0
2023-02-27,60460.0,66330.0,57580.0,65810.0,61570.0,42940.0
2023-02-28,59060.0,63940.0,56700.0,68720.0,61160.0,53480.0
2023-03-01,58180.0,63780.0,55560.0,66680.0,62780.0,46430.0
2023-03-02,59110.0,64090.0,55910.0,67760.0,62520.0,53480.0
2023-03-03,62210.0,64090.0,58330.0,64130.0,61750.0,53480.0
2023-03-04,63080.0,68560.0,60090.0,66850.0,60810.0,53480.0
2023-03-05,63490.0,68350.0,60770.0,65160.0,60810.0,50000.0
2023-03-06,70320.0,68610.0,62120.0,66590.0,61980.0,39660.0
2023-03-07,72220.0,68340.0,62930.0,66730.0,62550.0,36400.0
2023-03-08,73350.0,68630.0,65440.0,66020.0,60830.0,47030.0
2023-03-09,73530.0,69680.0,66000.0,66480.0,61230.0,50990.0
2023-03-10,74200.0,70690.0,66660.0,68130.0,62250.0,39660.0
2023-03-11,73510.0,72560.0,66920.0,71020.0,62570.0,36060.0
2023-03-12,74100.0,71800.0,66250.0,70480.0,64100.0,48370.0
2023-03-13,73100.0,79030.0,67700.0,72410.0,65670.0,38820.0
2023-03-14,72850.0,75530.0,68190.0,70490.0,66970.0,48370.0
2023-03-15,72250.0,76540.0,68110.0,69310.0,68220.0,48370.0
2023-03-16,74600.0,84490.0,68330.0,68880.0,67870.0,51960.0
2023-03-17,75810.0,86500.0,67340.0,69990.0,69390.0,54770.0
2023-03-18,76510.0,91530.0,68320.0,69220.0,65690.0,42730.0
2023-03-19,77140.0,90760.0,68360.0,71470.0,63230.0,55860.0
2023-03-20,78740.0,83600.0,68420.0,70130.0,70650.0,44370.0
2023-03-21,79830.0,74090.0,70390.0,68790.0,70650.0,37950.0
2023-03-22,70000.0,63730.0,70490.0,67500.0,70840.0,42150.0
2023-03-23,80410.0,62920.0,69870.0,64990.0,70760.0,42150.0
2023-03-24,78250.0,63660.0,71000.0,63990.0,70490.0,36990.0
2023-03-25,76710.0,73610.0,70290.0,63630.0,71160.0,36260.0
2023-03-26,76350.0,65380.0,69490.0,65170.0,71560.0,41600.0
2023-03-27,66450.0,57610.0,62540.0,63940.0,71690.0,54770.0
2023-03-28,54660.0,51600.0,51550.0,63500.0,71690.0,33900.0
2023-03-29,56670.0,47900.0,42780.0,64280.0,70990.0,34340.0
2023-03-30,52820.0,41610.0,42750.0,58230.0,71760.0,27350.0
2023-03-31,49730.0,38910.0,42960.0,57870.0,68940.0,34340.0
2023-04-01,43800.0,36550.0,40120.0,57500.0,69310.0,37340.0
2023-04-02,42940.0,33030.0,39280.0,54870.0,68450.0,38620.0
2023-04-03,41000.0,34720.0,39790.0,53820.0,66950.0,38260.0
2023-04-04,37700.0,35810.0,38670.0,49990.0,69470.0,38260.0
2023-04-05,35600.0,35500.0,37190.0,47680.0,70270.0,38260.0
2023-04-06,33620.0,34970.0,36310.0,49730.0,71180.0,26830.0
2023-04-07,33640.0,33900.0,36210.0,50770.0,69080.0,31750.0
2023-04-08,30650.0,32340.0,35260.0,51090.0,70670.0,32760.0
2023-04-09,31820.0,31470.0,34490.0,52270.0,70880.0,54770.0
2023-04-10,32090.0,31100.0,33230.0,49070.0,69390.0,35090.0
2023-04-11,28940.0,30640.0,32550.0,46730.0,70030.0,33020.0
2023-04-12,28530.0,28190.0,31390.0,51850.0,70030.0,30650.0
2023-04-13,27650.0,27710.0,30160.0,50090.0,65060.0,30650.0
2023-04-14,27950.0,25640.0,29830.0,49780.0,66310.0,31210.0
2023-04-15,27390.0,27660.0,30030.0,48430.0,68010.0,28360.0
2023-04-16,27660.0,28370.0,29640.0,46260.0,69060.0,29490.0
2023-04-17,27280.0,27760.0,31350.0,46980.0,68370.0,23170.0
2023-04-18,27160.0,31460.0,36560.0,50360.0,70590.0,31210.0
2023-04-19,27820.0,32850.0,37890.0,51580.0,70280.0,33740.0
2023-04-20,28070.0,39890.0,37620.0,55570.0,70170.0,35780.0
2023-04-21,28100.0,38720.0,38860.0,59920.0,70780.0,33310.0
2023-04-22,28780.0,39370.0,39720.0,66940.0,85900.0,26280.0
2023-04-23,29830.0,37370.0,38860.0,61950.0,74110.0,31150.0
2023-04-24,29180.0,37110.0,35440.0,58930.0,72200.0,44720.0
2023-04-25,29440.0,30050.0,34710.0,57100.0,72900.0,28460.0
2023-04-26,27630.0,29040.0,29460.0,54480.0,72320.0,26830.0
2023-04-27,26920.0,26840.0,27700.0,50410.0,70580.0,29470.0
2023-04-28,26050.0,27030.0,25550.0,49610.0,77500.0,28460.0
2023-04-29,25830.0,27310.0,26590.0,50730.0,69830.0,35780.0
2023-04-30,26130.0,29360.0,25480.0,49370.0,69090.0,25870.0
2023-05-01,25590.0,31590.0,26270.0,49480.0,67610.0,33470.0
2023-05-02,25420.0,32890.0,25210.0,50950.0,69830.0,28190.0
2023-05-03,23980.0,36100.0,24740.0,48450.0,69920.0,33470.0
2023-05-04,23870.0,34620.0,24610.0,51560.0,69720.0,22410.0
2023-05-05,22430.0,37030.0,24120.0,49400.0,68600.0,26170.0
2023-05-06,23080.0,35620.0,24770.0,51890.0,71810.0,22810.0
2023-05-07,22510.0,35650.0,25630.0,51370.0,73660.0,33470.0
2023-05-08,23410.0,33220.0,26320.0,47790.0,77180.0,22020.0
2023-05-09,22370.0,34970.0,27270.0,48740.0,73100.0,22680.0
2023-05-10,23860.0,35990.0,29100.0,50240.0,81350.0,22680.0
2023-05-11,24800.0,34700.0,29460.0,49010.0,82160.0,21690.0
2023-05-12,25360.0,36530.0,29210.0,48410.0,84740.0,26030.0
2023-05-13,25200.0,35100.0,27590.0,47630.0,86640.0,31300.0
2023-05-14,24910.0,34070.0,28450.0,48870.0,83390.0,24500.0
2023-05-15,25310.0,32150.0,29180.0,49510.0,86300.0,31300.0
2023-05-16,26800.0,30720.0,28880.0,52290.0,87420.0,24500.0
2023-05-17,28580.0,30470.0,29480.0,52300.0,85780.0,33470.0
2023-05-18,27070.0,31600.0,29800.0,51490.0,88600.0,24500.0
2023-05-19,30460.0,31210.0,30330.0,49980.0,89040.0,25610.0
2023-05-20,31770.0,29520.0,31480.0,49130.0,88540.0,33470.0
2023-05-21,32820.0,29870.0,31440.0,46500.0,89710.0,33470.0
2023-05-22,35990.0,30040.0,33160.0,50890.0,90950.0,25610.0
2023-05-23,37640.0,29030.0,34350.0,53180.0,87920.0,33470.0
2023-05-24,37870.0,29040.0,34930.0,53640.0,88470.0,31300.0
2023-05-25,35980.0,27160.0,35010.0,43600.0,85630.0,26030.0
2023-05-26,36050.0,28560.0,34500.0,49290.0,82050.0,26030.0
2023-05-27,35910.0,25670.0,36040.0,48800.0,81050.0,23740.0
2023-05-28,36530.0,24600.0,35570.0,47960.0,84890.0,27220.0
2023-05-29,35520.0,25150.0,35780.0,49760.0,85670.0,40000.0
2023-05-30,34590.0,23780.0,35860.0,45670.0,85670.0,29470.0
2023-05-31,33760.0,24010.0,36690.0,47320.0,85670.0,37950.0
2023-06-01,34360.0,22570.0,36890.0,48560.0,85330.0,37950.0
2023-06-02,35470.0,21560.0,36460.0,47300.0,83160.0,26830.0
2023-06-03,36040.0,23220.0,37240.0,47180.0,86080.0,29590.0
2023-06-04,36460.0,23610.0,36800.0,46700.0,83160.0,38990.0
2023-06-05,37510.0,20660.0,36780.0,50780.0,81370.0,28460.0
2023-06-06,37310.0,21400.0,37970.0,49030.0,82410.0,40000.0
2023-06-07,37140.0,22210.0,38080.0,50750.0,80890.0,31750.0
2023-06-08,36900.0,24390.0,38350.0,52100.0,85000.0,28280.0
2023-06-09,36270.0,23880.0,37820.0,52350.0,83170.0,32770.0
2023-06-10,36520.0,24420.0,38020.0,51510.0,79080.0,30130.0
2023-06-11,36730.0,23520.0,37230.0,53630.0,78660.0,30650.0
2023-06-12,35330.0,24520.0,36310.0,52510.0,79720.0,30650.0
2023-06-13,35180.0,23770.0,36210.0,53830.0,81390.0,29590.0
2023-06-14,35000.0,25270.0,35930.0,52270.0,83200.0,37950.0
2023-06-15,34930.0,28560.0,35410.0,52830.0,81410.0,29590.0
2023-06-16,34030.0,28570.0,36410.0,51510.0,85900.0,30650.0
2023-06-17,33190.0,28780.0,34420.0,53900.0,82920.0,30130.0
2023-06-18,33560.0,31230.0,33360.0,52430.0,88140.0,38990.0
2023-06-19,32340.0,33530.0,31850.0,50290.0,89630.0,29590.0
2023-06-20,32370.0,34060.0,30490.0,50350.0,88760.0,29590.0
2023-06-21,32070.0,34320.0,30810.0,51810.0,91590.0,37950.0
2023-06-22,32420.0,38110.0,30980.0,50560.0,92090.0,29590.0
2023-06-23,32180.0,40360.0,29940.0,51320.0,98910.0,29590.0
2023-06-24,32250.0,40630.0,30320.0,51820.0,92630.0,37950.0
2023-06-25,30840.0,47910.0,29250.0,52670.0,95230.0,26830.0
2023-06-26,30960.0,49010.0,29780.0,52250.0,91960.0,25460.0
2023-06-27,30470.0,44830.0,28700.0,53470.0,97530.0,40250.0
2023-06-28,31000.0,45630.0,28870.0,53040.0,100590.0,30780.0
2023-06-29,31150.0,44330.0,29960.0,59340.0,100240.0,40250.0
2023-06-30,29740.0,47240.0,29720.0,52850.0,101770.0,32010.0
2023-07-01,29950.0,67810.0,28790.0,52310.0,98320.0,40250.0
2023-07-02,30210.0,60610.0,29000.0,51740.0,92960.0,40250.0
2023-07-03,29150.0,57210.0,27620.0,50010.0,94200.0,30780.0
2023-07-04,27570.0,54880.0,26210.0,51540.0,92400.0,30780.0
2023-07-05,29860.0,49630.0,25890.0,49010.0,90540.0,29590.0
2023-07-06,27900.0,46440.0,24640.0,51560.0,90540.0,35780.0
2023-07-07,25840.0,45620.0,24250.0,51480.0,85210.0,27360.0
2023-07-08,27610.0,44260.0,24100.0,48340.0,83860.0,26780.0
2023-07-09,27370.0,41830.0,24120.0,55640.0,84820.0,29470.0
2023-07-10,27910.0,36870.0,23190.0,48690.0,85620.0,31640.0
2023-07-11,27120.0,37030.0,23510.0,45970.0,82910.0,29490.0
2023-07-12,26440.0,33760.0,23900.0,46610.0,87360.0,28950.0
2023-07-13,25410.0,36440.0,23590.0,44810.0,84420.0,26310.0
2023-07-14,25220.0,36700.0,23830.0,45650.0,82750.0,30420.0
2023-07-15,25320.0,34320.0,24280.0,44890.0,84340.0,30420.0
2023-07-16,24960.0,33550.0,24000.0,46900.0,80990.0,34830.0
2023-07-17,25410.0,36520.0,24030.0,48060.0,84140.0,28360.0
2023-07-18,25490.0,32010.0,24480.0,47780.0,83520.0,30130.0
2023-07-19,24580.0,30780.0,24550.0,47930.0,80630.0,38990.0
2023-07-20,24990.0,29640.0,24920.0,46680.0,87350.0,28970.0
2023-07-21,26320.0,30350.0,26030.0,47560.0,83510.0,31210.0
2023-07-22,27760.0,33280.0,26190.0,46960.0,82060.0,38990.0
2023-07-23,28240.0,30980.0,25970.0,45290.0,83360.0,38000.0
2023-07-24,31170.0,33450.0,26570.0,46120.0,85260.0,31150.0
2023-07-25,33390.0,32260.0,27220.0,48230.0,84010.0,32570.0
2023-07-26,36790.0,33730.0,28770.0,46180.0,82880.0,31640.0
2023-07-27,36760.0,31560.0,29140.0,46440.0,82130.0,36470.0
2023-07-28,37350.0,31240.0,29560.0,49770.0,87420.0,36470.0
2023-07-29,38370.0,33860.0,30220.0,46570.0,87890.0,36470.0
2023-07-30,39070.0,34870.0,29840.0,48310.0,81370.0,37420.0
2023-07-31,40780.0,35410.0,30720.0,48390.0,87730.0,37420.0
2023-08-01,40530.0,38210.0,30890.0,50080.0,86250.0,41950.0
2023-08-02,39720.0,39000.0,31190.0,49580.0,88330.0,41950.0
2023-08-03,38770.0,42220.0,31810.0,50110.0,88330.0,37520.0
2023-08-04,37130.0,44110.0,33460.0,48470.0,83520.0,38330.0
2023-08-05,37890.0,44680.0,33290.0,53680.0,86380.0,41950.0
2023-08-06,37060.0,44570.0,33780.0,53940.0,87570.0,41950.0
2023-08-07,39040.0,46020.0,34570.0,52960.0,92720.0,36940.0
2023-08-08,39020.0,44520.0,35000.0,56020.0,92750.0,36940.0
2023-08-09,40370.0,44360.0,35600.0,53660.0,93720.0,38620.0
2023-08-10,41230.0,45660.0,35230.0,51900.0,89840.0,37890.0
2023-08-11,42770.0,44730.0,35190.0,52100.0,88200.0,39790.0
2023-08-12,42880.0,44370.0,35230.0,50690.0,92820.0,37700.0
2023-08-13,43570.0,42620.0,35690.0,49810.0,93050.0,41600.0
2023-08-14,46500.0,41150.0,36970.0,51200.0,88240.0,40410.0
2023-08-15,45520.0,44540.0,37110.0,52850.0,87500.0,46900.0
2023-08-16,47270.0,46260.0,37520.0,51960.0,87090.0,46370.0
2023-08-17,43660.0,41700.0,37260.0,50310.0,87310.0,46370.0
2023-08-18,40720.0,43930.0,37900.0,51750.0,86000.0,46900.0
2023-08-19,40330.0,42140.0,38100.0,54930.0,83090.0,42940.0
2023-08-20,39920.0,37590.0,38180.0,54840.0,83770.0,46900.0
2023-08-21,42140.0,34090.0,37350.0,54310.0,80940.0,44480.0
2023-08-22,40200.0,37470.0,37430.0,54310.0,79870.0,46900.0
2023-08-23,37850.0,33750.0,36660.0,53220.0,77130.0,46900.0
2023-08-24,33770.0,32810.0,35940.0,53390.0,72230.0,41290.0
2023-08-25,32610.0,31550.0,35120.0,55260.0,73130.0,46900.0
2023-08-26,30270.0,29420.0,33690.0,52600.0,77260.0,46900.0
2023-08-27,30500.0,27080.0,33040.0,53820.0,71190.0,46900.0
2023-08-28,28040.0,26150.0,31400.0,44910.0,71490.0,55180.0
2023-08-29,28770.0,25100.0,30580.0,44950.0,69940.0,53600.0
2023-08-30,27270.0,27370.0,30210.0,47220.0,65680.0,46900.0
2023-08-31,27720.0,24860.0,29370.0,47310.0,68820.0,44980.0
2023-09-01,27280.0,25180.0,29560.0,43880.0,68120.0,45400.0
2023-09-02,25630.0,24700.0,29030.0,47910.0,64110.0,50990.0
2023-09-03,24410.0,24370.0,29270.0,44940.0,66710.0,46230.0
2023-09-04,25610.0,25490.0,27370.0,42730.0,74060.0,50990.0
2023-09-05,26860.0,25410.0,27370.0,42080.0,67970.0,44720.0
2023-09-06,25460.0,26170.0,27630.0,40190.0,68910.0,50990.0
2023-09-07,25050.0,29180.0,27780.0,42900.0,67630.0,50990.0
2023-09-08,25080.0,27830.0,26780.0,40600.0,70930.0,53480.0
2023-09-09,24810.0,26270.0,25960.0,44200.0,70890.0,47420.0
2023-09-10,24810.0,26010.0,26200.0,42810.0,70140.0,50990.0
2023-09-11,24580.0,26250.0,25560.0,43430.0,70350.0,50990.0
2023-09-12,24520.0,27530.0,25520.0,43960.0,69710.0,50990.0
2023-09-13,24370.0,26720.0,25730.0,44160.0,70870.0,44000.0
2023-09-14,25910.0,26760.0,25900.0,42840.0,68470.0,39240.0
2023-09-15,25440.0,25910.0,25920.0,42760.0,74380.0,46900.0
2023-09-16,25320.0,33310.0,26140.0,45110.0,68030.0,36330.0
2023-09-17,25990.0,31910.0,25660.0,45410.0,72390.0,46900.0
2023-09-18,26140.0,28440.0,25550.0,45050.0,60180.0,44000.0
2023-09-19,26110.0,29880.0,25760.0,44190.0,72690.0,46900.0
2023-09-20,26570.0,29880.0,26550.0,48380.0,69830.0,45830.0
2023-09-21,24700.0,30240.0,25750.0,40700.0,67730.0,46900.0
2023-09-22,25750.0,30460.0,25660.0,42700.0,71850.0,44210.0
2023-09-23,26190.0,33800.0,25390.0,43870.0,68510.0,44810.0
2023-09-24,26060.0,37470.0,25470.0,44170.0,71700.0,47430.0
2023-09-25,26590.0,38510.0,26530.0,45670.0,70810.0,41570.0
2023-09-26,26480.0,39910.0,27140.0,45660.0,71560.0,47430.0
2023-09-27,26400.0,41510.0,27650.0,47300.0,72430.0,48990.0
2023-09-28,26430.0,43650.0,27640.0,47880.0,68740.0,42510.0
2023-09-29,26560.0,45640.0,27550.0,46760.0,68320.0,48990.0
2023-09-30,28260.0,48420.0,28230.0,46760.0,72420.0,48990.0
2023-10-01,29200.0,48220.0,28910.0,47860.0,73530.0,48990.0
2023-10-02,27660.0,48470.0,30550.0,47850.0,73000.0,43820.0
2023-10-03,29850.0,52460.0,30930.0,48940.0,77230.0,46540.0
2023-10-04,31590.0,52150.0,32290.0,50080.0,82050.0,47960.0
2023-10-05,34510.0,58680.0,33690.0,52230.0,79240.0,47960.0
2023-10-06,34820.0,58360.0,35700.0,51590.0,81770.0,47960.0
2023-10-07,35540.0,59800.0,36500.0,50340.0,84920.0,46000.0
2023-10-08,36340.0,62030.0,36560.0,50360.0,83100.0,44380.0
2023-10-09,38760.0,61390.0,38320.0,54090.0,85940.0,56880.0
2023-10-10,39370.0,69860.0,39370.0,52380.0,85490.0,48470.0
2023-10-11,40530.0,72630.0,40560.0,54350.0,83000.0,56110.0
2023-10-12,41270.0,78990.0,39600.0,52520.0,81680.0,70270.0
2023-10-13,41770.0,78280.0,39800.0,53950.0,83970.0,46000.0
2023-10-14,41710.0,75170.0,39710.0,55330.0,79180.0,46990.0
2023-10-15,41520.0,75710.0,40780.0,57290.0,80050.0,50300.0
2023-10-16,42610.0,79920.0,41870.0,56880.0,78950.0,50300.0
2023-10-17,44230.0,77730.0,45390.0,55310.0,80890.0,43240.0
2023-10-18,47710.0,75490.0,46040.0,56150.0,76270.0,45920.0
2023-10-19,49220.0,74260.0,46090.0,54360.0,80660.0,44330.0
2023-10-20,50300.0,74550.0,47770.0,58130.0,77120.0,45250.0
2023-10-21,51190.0,81160.0,47710.0,58940.0,78830.0,56570.0
2023-10-22,53540.0,79000.0,48890.0,59610.0,78830.0,59330.0
2023-10-23,56460.0,75330.0,54770.0,62820.0,77240.0,59330.0
2023-10-24,59700.0,71830.0,59000.0,61570.0,78430.0,59330.0
2023-10-25,59830.0,70390.0,60490.0,67110.0,78210.0,47270.0
2023-10-26,60590.0,71000.0,60240.0,67910.0,76620.0,59330.0
2023-10-27,62150.0,74930.0,60850.0,66180.0,77790.0,59330.0
2023-10-28,65190.0,81320.0,61250.0,70560.0,77840.0,59330.0
2023-10-29,67430.0,81720.0,62250.0,73780.0,77260.0,61970.0
2023-10-30,69800.0,74220.0,67520.0,69640.0,73900.0,61970.0
2023-10-31,71300.0,77730.0,70440.0,72080.0,73130.0,58450.0
2023-11-01,69020.0,79060.0,70290.0,72130.0,70360.0,58450.0
2023-11-02,66540.0,80550.0,71070.0,71970.0,71990.0,61970.0
2023-11-03,66290.0,75740.0,71290.0,72610.0,71460.0,71000.0
2023-11-04,67390.0,80750.0,73390.0,74780.0,69770.0,72970.0
2023-11-05,68210.0,77870.0,74920.0,75530.0,69080.0,75370.0
2023-11-06,66980.0,77390.0,74510.0,76990.0,69980.0,84850.0
2023-11-07,66580.0,76310.0,74830.0,75830.0,71760.0,84850.0
2023-11-08,69350.0,76920.0,75800.0,78270.0,75720.0,66710.0
2023-11-09,69910.0,76900.0,77660.0,78020.0,75160.0,65170.0
2023-11-10,68760.0,76510.0,77840.0,78410.0,75370.0,84850.0
2023-11-11,69150.0,74490.0,77560.0,78630.0,77600.0,73430.0
2023-11-12,68360.0,74910.0,76150.0,77500.0,77700.0,90000.0
2023-11-13,68420.0,74110.0,77250.0,77660.0,80850.0,90000.0
2023-11-14,69910.0,73730.0,76290.0,79820.0,79120.0,90000.0
2023-11-15,71360.0,74390.0,75500.0,77960.0,79660.0,90000.0
2023-11-16,70300.0,77450.0,75990.0,75880.0,79130.0,84850.0
2023-11-17,70310.0,77750.0,78280.0,82330.0,77380.0,80000.0
2023-11-18,69970.0,87910.0,77660.0,79430.0,73460.0,80000.0
2023-11-19,71860.0,88440.0,77930.0,82820.0,70010.0,80000.0
2023-11-20,75220.0,87380.0,79860.0,86410.0,76050.0,80000.0
2023-11-21,77230.0,87820.0,83310.0,91810.0,75850.0,80000.0
2023-11-22,79150.0,84700.0,87450.0,72600.0,76130.0,77970.0
2023-11-23,80090.0,91120.0,87800.0,95300.0,72660.0,82700.0
2023-11-24,80220.0,92100.0,86020.0,96060.0,72840.0,82700.0
2023-11-25,81110.0,96890.0,86910.0,99140.0,71420.0,78230.0
2023-11-26,80400.0,101500.0,86260.0,105410.0,63720.0,82700.0
2023-11-27,82160.0,102710.0,86750.0,105740.0,71610.0,76000.0
2023-11-28,81110.0,101360.0,86660.0,103080.0,69530.0,82700.0
2023-11-29,79830.0,101360.0,86140.0,105060.0,67620.0,74400.0
2023-11-30,78650.0,104340.0,84730.0,103780.0,66170.0,88990.0
2023-12-01,78390.0,106220.0,84820.0,104610.0,66800.0,88990.0
2023-12-02,79530.0,109940.0,86490.0,101010.0,70530.0,88990.0
2023-12-03,80040.0,110460.0,80890.0,96310.0,65610.0,88990.0
2023-12-04,80040.0,111340.0,87690.0,80160.0,67720.0,88990.0
2023-12-05,79210.0,110560.0,87420.0,97360.0,73920.0,72990.0
2023-12-06,79030.0,82460.0,87100.0,100360.0,77800.0,84850.0
2023-12-07,80760.0,127390.0,87810.0,97920.0,76920.0,84850.0
2023-12-08,81630.0,129100.0,88260.0,95770.0,78770.0,73430.0
2023-12-09,81860.0,134330.0,88380.0,102750.0,80190.0,84850.0
2023-12-10,84940.0,137320.0,85410.0,99570.0,84620.0,73880.0
2023-12-11,83960.0,134430.0,86880.0,95860.0,81200.0,69280.0
2023-12-12,81710.0,131760.0,87580.0,93030.0,84360.0,59640.0
2023-12-13,81830.0,132130.0,87910.0,89610.0,86880.0,75600.0
2023-12-14,81330.0,141080.0,85330.0,86710.0,87620.0,67120.0
2023-12-15,81350.0,137560.0,84500.0,89930.0,87090.0,68680.0
2023-12-16,80700.0,64180.0,82960.0,87940.0,91590.0,70180.0
2023-12-17,79070.0,136050.0,81430.0,87600.0,77940.0,84850.0
2023-12-18,79270.0,136080.0,78460.0,82470.0,96600.0,65110.0
2023-12-19,78310.0,135800.0,75230.0,85000.0,101820.0,70180.0
2023-12-20,77190.0,133090.0,74860.0,80360.0,111030.0,58460.0
2023-12-21,76080.0,95500.0,75120.0,74090.0,118580.0,58460.0
2023-12-22,75830.0,91170.0,75030.0,75970.0,121290.0,73480.0
2023-12-23,73510.0,128920.0,71680.0,75120.0,129780.0,49820.0
2023-12-24,74150.0,121580.0,73440.0,75330.0,135860.0,59730.0
2023-12-25,73500.0,84970.0,74890.0,79760.0,132870.0,75890.0
2023-12-26,74270.0,87800.0,73340.0,76360.0,134690.0,75890.0
2023-12-27,75420.0,129660.0,74910.0,75710.0,135340.0,73480.0
2023-12-28,75240.0,124680.0,74410.0,64660.0,139290.0,68680.0
2023-12-29,74430.0,121390.0,73660.0,67860.0,135190.0,66720.0
2023-12-30,74850.0,117580.0,73170.0,63010.0,114200.0,57690.0
2023-12-31,75050.0,117170.0,72000.0,65780.0,139210.0,69280.0
